800.0,0.0,0.3048,71.3,0.00266337
1000.0,0.0,0.3048,71.3,0.00266337
1250.0,0.0,0.3048,71.3,0.00266337
1600.0,0.0,0.3048,71.3,0.00266337
2000.0,0.0,0.3048,71.3,0.00266337
2500.0,0.0,0.3048,71.3,0.00266337
3150.0,0.0,0.3048,71.3,0.00266337
4000.0,0.0,0.3048,71.3,0.00266337
5000.0,0.0,0.3048,71.3,0.00266337
6300.0,0.0,0.3048,71.3,0.00266337
8000.0,0.0,0.3048,71.3,0.00266337
10000.0,0.0,0.3048,71.3,0.00266337
12500.0,0.0,0.3048,71.3,0.00266337
16000.0,0.0,0.3048,71.3,0.00266337
500.0,0.0,0.3048,55.5,0.00283081
630.0,0.0,0.3048,55.5,0.00283081
800.0,0.0,0.3048,55.5,0.00283081
1000.0,0.0,0.3048,55.5,0.00283081
1250.0,0.0,0.3048,55.5,0.00283081
1600.0,0.0,0.3048,55.5,0.00283081
2000.0,0.0,0.3048,55.5,0.00283081
2500.0,0.0,0.3048,55.5,0.00283081
3150.0,0.0,0.3048,55.5,0.00283081
4000.0,0.0,0.3048,55.5,0.00283081
5000.0,0.0,0.3048,55.5,0.00283081
6300.0,0.0,0.3048,55.5,0.00283081
8000.0,0.0,0.3048,55.5,0.00283081
10000.0,0.0,0.3048,55.5,0.00283081
12500.0,0.0,0.3048,55.5,0.00283081
200.0,0.0,0.3048,39.6,0.00310138
250.0,0.0,0.3048,39.6,0.00310138
315.0,0.0,0.3048,39.6,0.00310138
400.0,0.0,0.3048,39.6,0.00310138
500.0,0.0,0.3048,39.6,0.00310138
630.0,0.0,0.3048,39.6,0.00310138
800.0,0.0,0.3048,39.6,0.00310138
1000.0,0.0,0.3048,39.6,0.00310138
1250.0,0.0,0.3048,39.6,0.00310138
1600.0,0.0,0.3048,39.6,0.00310138
2000.0,0.0,0.3048,39.6,0.00310138
2500.0,0.0,0.3048,39.6,0.00310138
3150.0,0.0,0.3048,39.6,0.00310138
4000.0,0.0,0.3048,39.6,0.00310138
5000.0,0.0,0.3048,39.6,0.00310138
6300.0,0.0,0.3048,39.6,0.00310138
8000.0,0.0,0.3048,39.6,0.00310138
10000.0,0.0,0.3048,39.6,0.00310138
12500.0,0.0,0.3048,39.6,0.00310138
200.0,0.0,0.3048,31.7,0.00331266
250.0,0.0,0.3048,31.7,0.00331266
315.0,0.0,0.3048,31.7,0.00331266
400.0,0.0,0.3048,31.7,0.00331266
500.0,0.0,0.3048,31.7,0.00331266
630.0,0.0,0.3048,31.7,0.00331266
800.0,0.0,0.3048,31.7,0.00331266
1000.0,0.0,0.3048,31.7,0.00331266
1250.0,0.0,0.3048,31.7,0.00331266
1600.0,0.0,0.3048,31.7,0.00331266
2000.0,0.0,0.3048,31.7,0.00331266
2500.0,0.0,0.3048,31.7,0.00331266
3150.0,0.0,0.3048,31.7,0.00331266
4000.0,0.0,0.3048,31.7,0.00331266
5000.0,0.0,0.3048,31.7,0.00331266
6300.0,0.0,0.3048,31.7,0.00331266
8000.0,0.0,0.3048,31.7,0.00331266
10000.0,0.0,0.3048,31.7,0.00331266
800.0,1.5,0.3048,71.3,0.00336729
1000.0,1.5,0.3048,71.3,0.00336729
1250.0,1.5,0.3048,71.3,0.00336729
1600.0,1.5,0.3048,71.3,0.00336729
2000.0,1.5,0.3048,71.3,0.00336729
2500.0,1.5,0.3048,71.3,0.00336729
3150.0,1.5,0.3048,71.3,0.00336729
4000.0,1.5,0.3048,71.3,0.00336729
5000.0,1.5,0.3048,71.3,0.00336729
6300.0,1.5,0.3048,71.3,0.00336729
8000.0,1.5,0.3048,71.3,0.00336729
10000.0,1.5,0.3048,71.3,0.00336729
12500.0,1.5,0.3048,71.3,0.00336729
16000.0,1.5,0.3048,71.3,0.00336729
315.0,1.5,0.3048,39.6,0.00392107
400.0,1.5,0.3048,39.6,0.00392107
500.0,1.5,0.3048,39.6,0.00392107
630.0,1.5,0.3048,39.6,0.00392107
800.0,1.5,0.3048,39.6,0.00392107
1000.0,1.5,0.3048,39.6,0.00392107
1250.0,1.5,0.3048,39.6,0.00392107
1600.0,1.5,0.3048,39.6,0.00392107
2000.0,1.5,0.3048,39.6,0.00392107
2500.0,1.5,0.3048,39.6,0.00392107
3150.0,1.5,0.3048,39.6,0.00392107
4000.0,1.5,0.3048,39.6,0.00392107
5000.0,1.5,0.3048,39.6,0.00392107
6300.0,1.5,0.3048,39.6,0.00392107
8000.0,1.5,0.3048,39.6,0.00392107
10000.0,1.5,0.3048,39.6,0.00392107
12500.0,1.5,0.3048,39.6,0.00392107
400.0,3.0,0.3048,71.3,0.00425727
500.0,3.0,0.3048,71.3,0.00425727
630.0,3.0,0.3048,71.3,0.00425727
800.0,3.0,0.3048,71.3,0.00425727
1000.0,3.0,0.3048,71.3,0.00425727
1250.0,3.0,0.3048,71.3,0.00425727
1600.0,3.0,0.3048,71.3,0.00425727
2000.0,3.0,0.3048,71.3,0.00425727
2500.0,3.0,0.3048,71.3,0.00425727
3150.0,3.0,0.3048,71.3,0.00425727
4000.0,3.0,0.3048,71.3,0.00425727
5000.0,3.0,0.3048,71.3,0.00425727
6300.0,3.0,0.3048,71.3,0.00425727
8000.0,3.0,0.3048,71.3,0.00425727
10000.0,3.0,0.3048,71.3,0.00425727
400.0,3.0,0.3048,55.5,0.00452492
500.0,3.0,0.3048,55.5,0.00452492
630.0,3.0,0.3048,55.5,0.00452492
800.0,3.0,0.3048,55.5,0.00452492
1000.0,3.0,0.3048,55.5,0.00452492
1250.0,3.0,0.3048,55.5,0.00452492
1600.0,3.0,0.3048,55.5,0.00452492
2000.0,3.0,0.3048,55.5,0.00452492
2500.0,3.0,0.3048,55.5,0.00452492
3150.0,3.0,0.3048,55.5,0.00452492
4000.0,3.0,0.3048,55.5,0.00452492
5000.0,3.0,0.3048,55.5,0.00452492
6300.0,3.0,0.3048,55.5,0.00452492
8000.0,3.0,0.3048,55.5,0.00452492
10000.0,3.0,0.3048,55.5,0.00452492
315.0,3.0,0.3048,39.6,0.00495741
400.0,3.0,0.3048,39.6,0.00495741
500.0,3.0,0.3048,39.6,0.00495741
630.0,3.0,0.3048,39.6,0.00495741
800.0,3.0,0.3048,39.6,0.00495741
1000.0,3.0,0.3048,39.6,0.00495741
1250.0,3.0,0.3048,39.6,0.00495741
1600.0,3.0,0.3048,39.6,0.00495741
2000.0,3.0,0.3048,39.6,0.00495741
2500.0,3.0,0.3048,39.6,0.00495741
3150.0,3.0,0.3048,39.6,0.00495741
4000.0,3.0,0.3048,39.6,0.00495741
5000.0,3.0,0.3048,39.6,0.00495741
6300.0,3.0,0.3048,39.6,0.00495741
8000.0,3.0,0.3048,39.6,0.00495741
315.0,3.0,0.3048,31.7,0.00529514
400.0,3.0,0.3048,31.7,0.00529514
500.0,3.0,0.3048,31.7,0.00529514
630.0,3.0,0.3048,31.7,0.00529514
800.0,3.0,0.3048,31.7,0.00529514
1000.0,3.0,0.3048,31.7,0.00529514
1250.0,3.0,0.3048,31.7,0.00529514
1600.0,3.0,0.3048,31.7,0.00529514
2000.0,3.0,0.3048,31.7,0.00529514
2500.0,3.0,0.3048,31.7,0.00529514
3150.0,3.0,0.3048,31.7,0.00529514
4000.0,3.0,0.3048,31.7,0.00529514
5000.0,3.0,0.3048,31.7,0.00529514
6300.0,3.0,0.3048,31.7,0.00529514
250.0,4.0,0.3048,71.3,0.00497773
315.0,4.0,0.3048,71.3,0.00497773
400.0,4.0,0.3048,71.3,0.00497773
500.0,4.0,0.3048,71.3,0.00497773
630.0,4.0,0.3048,71.3,0.00497773
800.0,4.0,0.3048,71.3,0.00497773
1000.0,4.0,0.3048,71.3,0.00497773
1250.0,4.0,0.3048,71.3,0.00497773
1600.0,4.0,0.3048,71.3,0.00497773
2000.0,4.0,0.3048,71.3,0.00497773
2500.0,4.0,0.3048,71.3,0.00497773
3150.0,4.0,0.3048,71.3,0.00497773
4000.0,4.0,0.3048,71.3,0.00497773
5000.0,4.0,0.3048,71.3,0.00497773
6300.0,4.0,0.3048,71.3,0.00497773
8000.0,4.0,0.3048,71.3,0.00497773
10000.0,4.0,0.3048,71.3,0.00497773
12500.0,4.0,0.3048,71.3,0.00497773
250.0,4.0,0.3048,39.6,0.00579636
315.0,4.0,0.3048,39.6,0.00579636
400.0,4.0,0.3048,39.6,0.00579636
500.0,4.0,0.3048,39.6,0.00579636
630.0,4.0,0.3048,39.6,0.00579636
800.0,4.0,0.3048,39.6,0.00579636
1000.0,4.0,0.3048,39.6,0.00579636
1250.0,4.0,0.3048,39.6,0.00579636
1600.0,4.0,0.3048,39.6,0.00579636
2000.0,4.0,0.3048,39.6,0.00579636
2500.0,4.0,0.3048,39.6,0.00579636
3150.0,4.0,0.3048,39.6,0.00579636
4000.0,4.0,0.3048,39.6,0.00579636
5000.0,4.0,0.3048,39.6,0.00579636
1250.0,0.0,0.2286,71.3,0.00214345
1600.0,0.0,0.2286,71.3,0.00214345
2000.0,0.0,0.2286,71.3,0.00214345
2500.0,0.0,0.2286,71.3,0.00214345
3150.0,0.0,0.2286,71.3,0.00214345
4000.0,0.0,0.2286,71.3,0.00214345
5000.0,0.0,0.2286,71.3,0.00214345
6300.0,0.0,0.2286,71.3,0.00214345
8000.0,0.0,0.2286,71.3,0.00214345
10000.0,0.0,0.2286,71.3,0.00214345
12500.0,0.0,0.2286,71.3,0.00214345
16000.0,0.0,0.2286,71.3,0.00214345
20000.0,0.0,0.2286,71.3,0.00214345
315.0,0.0,0.2286,55.5,0.00229336
400.0,0.0,0.2286,55.5,0.00229336
500.0,0.0,0.2286,55.5,0.00229336
630.0,0.0,0.2286,55.5,0.00229336
800.0,0.0,0.2286,55.5,0.00229336
1000.0,0.0,0.2286,55.5,0.00229336
1250.0,0.0,0.2286,55.5,0.00229336
1600.0,0.0,0.2286,55.5,0.00229336
2000.0,0.0,0.2286,55.5,0.00229336
2500.0,0.0,0.2286,55.5,0.00229336
3150.0,0.0,0.2286,55.5,0.00229336
4000.0,0.0,0.2286,55.5,0.00229336
5000.0,0.0,0.2286,55.5,0.00229336
6300.0,0.0,0.2286,55.5,0.00229336
315.0,0.0,0.2286,39.6,0.00253511
400.0,0.0,0.2286,39.6,0.00253511
500.0,0.0,0.2286,39.6,0.00253511
630.0,0.0,0.2286,39.6,0.00253511
800.0,0.0,0.2286,39.6,0.00253511
1000.0,0.0,0.2286,39.6,0.00253511
1250.0,0.0,0.2286,39.6,0.00253511
1600.0,0.0,0.2286,39.6,0.00253511
2000.0,0.0,0.2286,39.6,0.00253511
2500.0,0.0,0.2286,39.6,0.00253511
3150.0,0.0,0.2286,39.6,0.00253511
4000.0,0.0,0.2286,39.6,0.00253511
5000.0,0.0,0.2286,39.6,0.00253511
6300.0,0.0,0.2286,39.6,0.00253511
315.0,0.0,0.2286,31.7,0.0027238
400.0,0.0,0.2286,31.7,0.0027238
500.0,0.0,0.2286,31.7,0.0027238
630.0,0.0,0.2286,31.7,0.0027238
800.0,0.0,0.2286,31.7,0.0027238
1000.0,0.0,0.2286,31.7,0.0027238
1250.0,0.0,0.2286,31.7,0.0027238
1600.0,0.0,0.2286,31.7,0.0027238
2000.0,0.0,0.2286,31.7,0.0027238
2500.0,0.0,0.2286,31.7,0.0027238
3150.0,0.0,0.2286,31.7,0.0027238
4000.0,0.0,0.2286,31.7,0.0027238
5000.0,0.0,0.2286,31.7,0.0027238
6300.0,0.0,0.2286,31.7,0.0027238
400.0,2.0,0.2286,71.3,0.00293031
500.0,2.0,0.2286,71.3,0.00293031
630.0,2.0,0.2286,71.3,0.00293031
800.0,2.0,0.2286,71.3,0.00293031
1000.0,2.0,0.2286,71.3,0.00293031
1250.0,2.0,0.2286,71.3,0.00293031
1600.0,2.0,0.2286,71.3,0.00293031
2000.0,2.0,0.2286,71.3,0.00293031
2500.0,2.0,0.2286,71.3,0.00293031
3150.0,2.0,0.2286,71.3,0.00293031
4000.0,2.0,0.2286,71.3,0.00293031
5000.0,2.0,0.2286,71.3,0.00293031
6300.0,2.0,0.2286,71.3,0.00293031
8000.0,2.0,0.2286,71.3,0.00293031
10000.0,2.0,0.2286,71.3,0.00293031
400.0,2.0,0.2286,55.5,0.00313525
500.0,2.0,0.2286,55.5,0.00313525
630.0,2.0,0.2286,55.5,0.00313525
800.0,2.0,0.2286,55.5,0.00313525
1000.0,2.0,0.2286,55.5,0.00313525
1250.0,2.0,0.2286,55.5,0.00313525
1600.0,2.0,0.2286,55.5,0.00313525
2000.0,2.0,0.2286,55.5,0.00313525
2500.0,2.0,0.2286,55.5,0.00313525
3150.0,2.0,0.2286,55.5,0.00313525
4000.0,2.0,0.2286,55.5,0.00313525
5000.0,2.0,0.2286,55.5,0.00313525
6300.0,2.0,0.2286,55.5,0.00313525
315.0,2.0,0.2286,39.6,0.00346574
400.0,2.0,0.2286,39.6,0.00346574
500.0,2.0,0.2286,39.6,0.00346574
630.0,2.0,0.2286,39.6,0.00346574
800.0,2.0,0.2286,39.6,0.00346574
1000.0,2.0,0.2286,39.6,0.00346574
1250.0,2.0,0.2286,39.6,0.00346574
1600.0,2.0,0.2286,39.6,0.00346574
2000.0,2.0,0.2286,39.6,0.00346574
2500.0,2.0,0.2286,39.6,0.00346574
3150.0,2.0,0.2286,39.6,0.00346574
4000.0,2.0,0.2286,39.6,0.00346574
5000.0,2.0,0.2286,39.6,0.00346574
6300.0,2.0,0.2286,39.6,0.00346574
315.0,2.0,0.2286,31.7,0.00372371
400.0,2.0,0.2286,31.7,0.00372371
500.0,2.0,0.2286,31.7,0.00372371
630.0,2.0,0.2286,31.7,0.00372371
800.0,2.0,0.2286,31.7,0.00372371
1000.0,2.0,0.2286,31.7,0.00372371
1250.0,2.0,0.2286,31.7,0.00372371
1600.0,2.0,0.2286,31.7,0.00372371
2000.0,2.0,0.2286,31.7,0.00372371
2500.0,2.0,0.2286,31.7,0.00372371
3150.0,2.0,0.2286,31.7,0.00372371
4000.0,2.0,0.2286,31.7,0.00372371
5000.0,2.0,0.2286,31.7,0.00372371
6300.0,2.0,0.2286,31.7,0.00372371
500.0,4.0,0.2286,71.3,0.00400603
630.0,4.0,0.2286,71.3,0.00400603
800.0,4.0,0.2286,71.3,0.00400603
1000.0,4.0,0.2286,71.3,0.00400603
1250.0,4.0,0.2286,71.3,0.00400603
1600.0,4.0,0.2286,71.3,0.00400603
2000.0,4.0,0.2286,71.3,0.00400603
2500.0,4.0,0.2286,71.3,0.00400603
3150.0,4.0,0.2286,71.3,0.00400603
4000.0,4.0,0.2286,71.3,0.00400603
5000.0,4.0,0.2286,71.3,0.00400603
6300.0,4.0,0.2286,71.3,0.00400603
8000.0,4.0,0.2286,71.3,0.00400603
10000.0,4.0,0.2286,71.3,0.00400603
12500.0,4.0,0.2286,71.3,0.00400603
16000.0,4.0,0.2286,71.3,0.00400603
20000.0,4.0,0.2286,71.3,0.00400603
400.0,4.0,0.2286,55.5,0.0042862
500.0,4.0,0.2286,55.5,0.0042862
630.0,4.0,0.2286,55.5,0.0042862
800.0,4.0,0.2286,55.5,0.0042862
1000.0,4.0,0.2286,55.5,0.0042862
1250.0,4.0,0.2286,55.5,0.0042862
1600.0,4.0,0.2286,55.5,0.0042862
2000.0,4.0,0.2286,55.5,0.0042862
2500.0,4.0,0.2286,55.5,0.0042862
3150.0,4.0,0.2286,55.5,0.0042862
4000.0,4.0,0.2286,55.5,0.0042862
5000.0,4.0,0.2286,55.5,0.0042862
6300.0,4.0,0.2286,55.5,0.0042862
8000.0,4.0,0.2286,55.5,0.0042862
315.0,4.0,0.2286,39.6,0.00473801
400.0,4.0,0.2286,39.6,0.00473801
500.0,4.0,0.2286,39.6,0.00473801
630.0,4.0,0.2286,39.6,0.00473801
800.0,4.0,0.2286,39.6,0.00473801
1000.0,4.0,0.2286,39.6,0.00473801
1250.0,4.0,0.2286,39.6,0.00473801
1600.0,4.0,0.2286,39.6,0.00473801
2000.0,4.0,0.2286,39.6,0.00473801
2500.0,4.0,0.2286,39.6,0.00473801
3150.0,4.0,0.2286,39.6,0.00473801
4000.0,4.0,0.2286,39.6,0.00473801
5000.0,4.0,0.2286,39.6,0.00473801
6300.0,4.0,0.2286,39.6,0.00473801
8000.0,4.0,0.2286,39.6,0.00473801
250.0,4.0,0.2286,31.7,0.00509068
315.0,4.0,0.2286,31.7,0.00509068
400.0,4.0,0.2286,31.7,0.00509068
500.0,4.0,0.2286,31.7,0.00509068
630.0,4.0,0.2286,31.7,0.00509068
800.0,4.0,0.2286,31.7,0.00509068
1000.0,4.0,0.2286,31.7,0.00509068
1250.0,4.0,0.2286,31.7,0.00509068
1600.0,4.0,0.2286,31.7,0.00509068
2000.0,4.0,0.2286,31.7,0.00509068
2500.0,4.0,0.2286,31.7,0.00509068
3150.0,4.0,0.2286,31.7,0.00509068
4000.0,4.0,0.2286,31.7,0.00509068
5000.0,4.0,0.2286,31.7,0.00509068
6300.0,4.0,0.2286,31.7,0.00509068
400.0,5.3,0.2286,71.3,0.0051942
500.0,5.3,0.2286,71.3,0.0051942
630.0,5.3,0.2286,71.3,0.0051942
800.0,5.3,0.2286,71.3,0.0051942
1000.0,5.3,0.2286,71.3,0.0051942
1250.0,5.3,0.2286,71.3,0.0051942
1600.0,5.3,0.2286,71.3,0.0051942
2000.0,5.3,0.2286,71.3,0.0051942
2500.0,5.3,0.2286,71.3,0.0051942
3150.0,5.3,0.2286,71.3,0.0051942
4000.0,5.3,0.2286,71.3,0.0051942
5000.0,5.3,0.2286,71.3,0.0051942
6300.0,5.3,0.2286,71.3,0.0051942
8000.0,5.3,0.2286,71.3,0.0051942
10000.0,5.3,0.2286,71.3,0.0051942
250.0,5.3,0.2286,39.6,0.00614329
315.0,5.3,0.2286,39.6,0.00614329
400.0,5.3,0.2286,39.6,0.00614329
500.0,5.3,0.2286,39.6,0.00614329
630.0,5.3,0.2286,39.6,0.00614329
800.0,5.3,0.2286,39.6,0.00614329
1000.0,5.3,0.2286,39.6,0.00614329
1250.0,5.3,0.2286,39.6,0.00614329
1600.0,5.3,0.2286,39.6,0.00614329
2000.0,5.3,0.2286,39.6,0.00614329
2500.0,5.3,0.2286,39.6,0.00614329
3150.0,5.3,0.2286,39.6,0.00614329
4000.0,5.3,0.2286,39.6,0.00614329
5000.0,5.3,0.2286,39.6,0.00614329
6300.0,5.3,0.2286,39.6,0.00614329
200.0,7.3,0.2286,71.3,0.0104404
250.0,7.3,0.2286,71.3,0.0104404
315.0,7.3,0.2286,71.3,0.0104404
400.0,7.3,0.2286,71.3,0.0104404
500.0,7.3,0.2286,71.3,0.0104404
630.0,7.3,0.2286,71.3,0.0104404
800.0,7.3,0.2286,71.3,0.0104404
1000.0,7.3,0.2286,71.3,0.0104404
1250.0,7.3,0.2286,71.3,0.0104404
1600.0,7.3,0.2286,71.3,0.0104404
2000.0,7.3,0.2286,71.3,0.0104404
2500.0,7.3,0.2286,71.3,0.0104404
3150.0,7.3,0.2286,71.3,0.0104404
4000.0,7.3,0.2286,71.3,0.0104404
5000.0,7.3,0.2286,71.3,0.0104404
6300.0,7.3,0.2286,71.3,0.0104404
200.0,7.3,0.2286,55.5,0.0111706
250.0,7.3,0.2286,55.5,0.0111706
315.0,7.3,0.2286,55.5,0.0111706
400.0,7.3,0.2286,55.5,0.0111706
500.0,7.3,0.2286,55.5,0.0111706
630.0,7.3,0.2286,55.5,0.0111706
800.0,7.3,0.2286,55.5,0.0111706
1000.0,7.3,0.2286,55.5,0.0111706
1250.0,7.3,0.2286,55.5,0.0111706
1600.0,7.3,0.2286,55.5,0.0111706
2000.0,7.3,0.2286,55.5,0.0111706
2500.0,7.3,0.2286,55.5,0.0111706
3150.0,7.3,0.2286,55.5,0.0111706
4000.0,7.3,0.2286,55.5,0.0111706
5000.0,7.3,0.2286,55.5,0.0111706
6300.0,7.3,0.2286,55.5,0.0111706
200.0,7.3,0.2286,39.6,0.0123481
250.0,7.3,0.2286,39.6,0.0123481
315.0,7.3,0.2286,39.6,0.0123481
400.0,7.3,0.2286,39.6,0.0123481
500.0,7.3,0.2286,39.6,0.0123481
630.0,7.3,0.2286,39.6,0.0123481
800.0,7.3,0.2286,39.6,0.0123481
1000.0,7.3,0.2286,39.6,0.0123481
1250.0,7.3,0.2286,39.6,0.0123481
1600.0,7.3,0.2286,39.6,0.0123481
2000.0,7.3,0.2286,39.6,0.0123481
2500.0,7.3,0.2286,39.6,0.0123481
3150.0,7.3,0.2286,39.6,0.0123481
4000.0,7.3,0.2286,39.6,0.0123481
5000.0,7.3,0.2286,39.6,0.0123481
6300.0,7.3,0.2286,39.6,0.0123481
200.0,7.3,0.2286,31.7,0.0132672
250.0,7.3,0.2286,31.7,0.0132672
315.0,7.3,0.2286,31.7,0.0132672
400.0,7.3,0.2286,31.7,0.0132672
500.0,7.3,0.2286,31.7,0.0132672
630.0,7.3,0.2286,31.7,0.0132672
800.0,7.3,0.2286,31.7,0.0132672
1000.0,7.3,0.2286,31.7,0.0132672
1250.0,7.3,0.2286,31.7,0.0132672
1600.0,7.3,0.2286,31.7,0.0132672
2000.0,7.3,0.2286,31.7,0.0132672
2500.0,7.3,0.2286,31.7,0.0132672
3150.0,7.3,0.2286,31.7,0.0132672
4000.0,7.3,0.2286,31.7,0.0132672
5000.0,7.3,0.2286,31.7,0.0132672
6300.0,7.3,0.2286,31.7,0.0132672
800.0,0.0,0.1524,71.3,0.0015988
1000.0,0.0,0.1524,71.3,0.0015988
1250.0,0.0,0.1524,71.3,0.0015988
1600.0,0.0,0.1524,71.3,0.0015988
2000.0,0.0,0.1524,71.3,0.0015988
2500.0,0.0,0.1524,71.3,0.0015988
3150.0,0.0,0.1524,71.3,0.0015988
4000.0,0.0,0.1524,71.3,0.0015988
5000.0,0.0,0.1524,71.3,0.0015988
6300.0,0.0,0.1524,71.3,0.0015988
8000.0,0.0,0.1524,71.3,0.0015988
10000.0,0.0,0.1524,71.3,0.0015988
12500.0,0.0,0.1524,71.3,0.0015988
16000.0,0.0,0.1524,71.3,0.0015988
500.0,0.0,0.1524,55.5,0.00172668
630.0,0.0,0.1524,55.5,0.00172668
800.0,0.0,0.1524,55.5,0.00172668
1000.0,0.0,0.1524,55.5,0.00172668
1250.0,0.0,0.1524,55.5,0.00172668
1600.0,0.0,0.1524,55.5,0.00172668
2000.0,0.0,0.1524,55.5,0.00172668
2500.0,0.0,0.1524,55.5,0.00172668
3150.0,0.0,0.1524,55.5,0.00172668
4000.0,0.0,0.1524,55.5,0.00172668
5000.0,0.0,0.1524,55.5,0.00172668
6300.0,0.0,0.1524,55.5,0.00172668
8000.0,0.0,0.1524,55.5,0.00172668
10000.0,0.0,0.1524,55.5,0.00172668
12500.0,0.0,0.1524,55.5,0.00172668
16000.0,0.0,0.1524,55.5,0.00172668
500.0,0.0,0.1524,39.6,0.00193287
630.0,0.0,0.1524,39.6,0.00193287
800.0,0.0,0.1524,39.6,0.00193287
1000.0,0.0,0.1524,39.6,0.00193287
1250.0,0.0,0.1524,39.6,0.00193287
1600.0,0.0,0.1524,39.6,0.00193287
2000.0,0.0,0.1524,39.6,0.00193287
2500.0,0.0,0.1524,39.6,0.00193287
3150.0,0.0,0.1524,39.6,0.00193287
4000.0,0.0,0.1524,39.6,0.00193287
5000.0,0.0,0.1524,39.6,0.00193287
6300.0,0.0,0.1524,39.6,0.00193287
8000.0,0.0,0.1524,39.6,0.00193287
10000.0,0.0,0.1524,39.6,0.00193287
500.0,0.0,0.1524,31.7,0.00209405
630.0,0.0,0.1524,31.7,0.00209405
800.0,0.0,0.1524,31.7,0.00209405
1000.0,0.0,0.1524,31.7,0.00209405
1250.0,0.0,0.1524,31.7,0.00209405
1600.0,0.0,0.1524,31.7,0.00209405
2000.0,0.0,0.1524,31.7,0.00209405
2500.0,0.0,0.1524,31.7,0.00209405
3150.0,0.0,0.1524,31.7,0.00209405
4000.0,0.0,0.1524,31.7,0.00209405
5000.0,0.0,0.1524,31.7,0.00209405
6300.0,0.0,0.1524,31.7,0.00209405
8000.0,0.0,0.1524,31.7,0.00209405
630.0,2.7,0.1524,71.3,0.00243851
800.0,2.7,0.1524,71.3,0.00243851
1000.0,2.7,0.1524,71.3,0.00243851
1250.0,2.7,0.1524,71.3,0.00243851
1600.0,2.7,0.1524,71.3,0.00243851
2000.0,2.7,0.1524,71.3,0.00243851
2500.0,2.7,0.1524,71.3,0.00243851
3150.0,2.7,0.1524,71.3,0.00243851
4000.0,2.7,0.1524,71.3,0.00243851
5000.0,2.7,0.1524,71.3,0.00243851
6300.0,2.7,0.1524,71.3,0.00243851
8000.0,2.7,0.1524,71.3,0.00243851
10000.0,2.7,0.1524,71.3,0.00243851
12500.0,2.7,0.1524,71.3,0.00243851
16000.0,2.7,0.1524,71.3,0.00243851
500.0,2.7,0.1524,39.6,0.00294804
630.0,2.7,0.1524,39.6,0.00294804
800.0,2.7,0.1524,39.6,0.00294804
1000.0,2.7,0.1524,39.6,0.00294804
1250.0,2.7,0.1524,39.6,0.00294804
1600.0,2.7,0.1524,39.6,0.00294804
2000.0,2.7,0.1524,39.6,0.00294804
2500.0,2.7,0.1524,39.6,0.00294804
3150.0,2.7,0.1524,39.6,0.00294804
4000.0,2.7,0.1524,39.6,0.00294804
5000.0,2.7,0.1524,39.6,0.00294804
6300.0,2.7,0.1524,39.6,0.00294804
8000.0,2.7,0.1524,39.6,0.00294804
10000.0,2.7,0.1524,39.6,0.00294804
12500.0,2.7,0.1524,39.6,0.00294804
400.0,5.4,0.1524,71.3,0.00401199
500.0,5.4,0.1524,71.3,0.00401199
630.0,5.4,0.1524,71.3,0.00401199
800.0,5.4,0.1524,71.3,0.00401199
1000.0,5.4,0.1524,71.3,0.00401199
1250.0,5.4,0.1524,71.3,0.00401199
1600.0,5.4,0.1524,71.3,0.00401199
2000.0,5.4,0.1524,71.3,0.00401199
2500.0,5.4,0.1524,71.3,0.00401199
3150.0,5.4,0.1524,71.3,0.00401199
4000.0,5.4,0.1524,71.3,0.00401199
5000.0,5.4,0.1524,71.3,0.00401199
6300.0,5.4,0.1524,71.3,0.00401199
400.0,5.4,0.1524,55.5,0.00433288
500.0,5.4,0.1524,55.5,0.00433288
630.0,5.4,0.1524,55.5,0.00433288
800.0,5.4,0.1524,55.5,0.00433288
1000.0,5.4,0.1524,55.5,0.00433288
1250.0,5.4,0.1524,55.5,0.00433288
1600.0,5.4,0.1524,55.5,0.00433288
2000.0,5.4,0.1524,55.5,0.00433288
2500.0,5.4,0.1524,55.5,0.00433288
3150.0,5.4,0.1524,55.5,0.00433288
4000.0,5.4,0.1524,55.5,0.00433288
5000.0,5.4,0.1524,55.5,0.00433288
6300.0,5.4,0.1524,55.5,0.00433288
8000.0,5.4,0.1524,55.5,0.00433288
315.0,5.4,0.1524,39.6,0.00485029
400.0,5.4,0.1524,39.6,0.00485029
500.0,5.4,0.1524,39.6,0.00485029
630.0,5.4,0.1524,39.6,0.00485029
800.0,5.4,0.1524,39.6,0.00485029
1000.0,5.4,0.1524,39.6,0.00485029
1250.0,5.4,0.1524,39.6,0.00485029
1600.0,5.4,0.1524,39.6,0.00485029
2000.0,5.4,0.1524,39.6,0.00485029
2500.0,5.4,0.1524,39.6,0.00485029
3150.0,5.4,0.1524,39.6,0.00485029
4000.0,5.4,0.1524,39.6,0.00485029
5000.0,5.4,0.1524,39.6,0.00485029
6300.0,5.4,0.1524,39.6,0.00485029
315.0,5.4,0.1524,31.7,0.00525474
400.0,5.4,0.1524,31.7,0.00525474
500.0,5.4,0.1524,31.7,0.00525474
630.0,5.4,0.1524,31.7,0.00525474
800.0,5.4,0.1524,31.7,0.00525474
1000.0,5.4,0.1524,31.7,0.00525474
1250.0,5.4,0.1524,31.7,0.00525474
1600.0,5.4,0.1524,31.7,0.00525474
2000.0,5.4,0.1524,31.7,0.00525474
2500.0,5.4,0.1524,31.7,0.00525474
3150.0,5.4,0.1524,31.7,0.00525474
4000.0,5.4,0.1524,31.7,0.00525474
5000.0,5.4,0.1524,31.7,0.00525474
6300.0,5.4,0.1524,31.7,0.00525474
315.0,7.2,0.1524,71.3,0.00752039
400.0,7.2,0.1524,71.3,0.00752039
500.0,7.2,0.1524,71.3,0.00752039
630.0,7.2,0.1524,71.3,0.00752039
800.0,7.2,0.1524,71.3,0.00752039
1000.0,7.2,0.1524,71.3,0.00752039
1250.0,7.2,0.1524,71.3,0.00752039
1600.0,7.2,0.1524,71.3,0.00752039
2000.0,7.2,0.1524,71.3,0.00752039
2500.0,7.2,0.1524,71.3,0.00752039
3150.0,7.2,0.1524,71.3,0.00752039
4000.0,7.2,0.1524,71.3,0.00752039
5000.0,7.2,0.1524,71.3,0.00752039
6300.0,7.2,0.1524,71.3,0.00752039
8000.0,7.2,0.1524,71.3,0.00752039
10000.0,7.2,0.1524,71.3,0.00752039
250.0,7.2,0.1524,39.6,0.00909175
315.0,7.2,0.1524,39.6,0.00909175
400.0,7.2,0.1524,39.6,0.00909175
500.0,7.2,0.1524,39.6,0.00909175
630.0,7.2,0.1524,39.6,0.00909175
800.0,7.2,0.1524,39.6,0.00909175
1000.0,7.2,0.1524,39.6,0.00909175
1250.0,7.2,0.1524,39.6,0.00909175
1600.0,7.2,0.1524,39.6,0.00909175
2000.0,7.2,0.1524,39.6,0.00909175
2500.0,7.2,0.1524,39.6,0.00909175
3150.0,7.2,0.1524,39.6,0.00909175
4000.0,7.2,0.1524,39.6,0.00909175
5000.0,7.2,0.1524,39.6,0.00909175
6300.0,7.2,0.1524,39.6,0.00909175
8000.0,7.2,0.1524,39.6,0.00909175
10000.0,7.2,0.1524,39.6,0.00909175
200.0,9.9,0.1524,71.3,0.0193001
250.0,9.9,0.1524,71.3,0.0193001
315.0,9.9,0.1524,71.3,0.0193001
400.0,9.9,0.1524,71.3,0.0193001
500.0,9.9,0.1524,71.3,0.0193001
630.0,9.9,0.1524,71.3,0.0193001
800.0,9.9,0.1524,71.3,0.0193001
1000.0,9.9,0.1524,71.3,0.0193001
1250.0,9.9,0.1524,71.3,0.0193001
1600.0,9.9,0.1524,71.3,0.0193001
2000.0,9.9,0.1524,71.3,0.0193001
2500.0,9.9,0.1524,71.3,0.0193001
3150.0,9.9,0.1524,71.3,0.0193001
4000.0,9.9,0.1524,71.3,0.0193001
5000.0,9.9,0.1524,71.3,0.0193001
6300.0,9.9,0.1524,71.3,0.0193001
200.0,9.9,0.1524,55.5,0.0208438
250.0,9.9,0.1524,55.5,0.0208438
315.0,9.9,0.1524,55.5,0.0208438
400.0,9.9,0.1524,55.5,0.0208438
500.0,9.9,0.1524,55.5,0.0208438
630.0,9.9,0.1524,55.5,0.0208438
800.0,9.9,0.1524,55.5,0.0208438
1000.0,9.9,0.1524,55.5,0.0208438
1250.0,9.9,0.1524,55.5,0.0208438
1600.0,9.9,0.1524,55.5,0.0208438
2000.0,9.9,0.1524,55.5,0.0208438
2500.0,9.9,0.1524,55.5,0.0208438
3150.0,9.9,0.1524,55.5,0.0208438
4000.0,9.9,0.1524,55.5,0.0208438
5000.0,9.9,0.1524,55.5,0.0208438
6300.0,9.9,0.1524,55.5,0.0208438
200.0,9.9,0.1524,39.6,0.0233328
250.0,9.9,0.1524,39.6,0.0233328
315.0,9.9,0.1524,39.6,0.0233328
400.0,9.9,0.1524,39.6,0.0233328
500.0,9.9,0.1524,39.6,0.0233328
630.0,9.9,0.1524,39.6,0.0233328
800.0,9.9,0.1524,39.6,0.0233328
1000.0,9.9,0.1524,39.6,0.0233328
1250.0,9.9,0.1524,39.6,0.0233328
1600.0,9.9,0.1524,39.6,0.0233328
2000.0,9.9,0.1524,39.6,0.0233328
2500.0,9.9,0.1524,39.6,0.0233328
3150.0,9.9,0.1524,39.6,0.0233328
4000.0,9.9,0.1524,39.6,0.0233328
5000.0,9.9,0.1524,39.6,0.0233328
6300.0,9.9,0.1524,39.6,0.0233328
200.0,9.9,0.1524,31.7,0.0252785
250.0,9.9,0.1524,31.7,0.0252785
315.0,9.9,0.1524,31.7,0.0252785
400.0,9.9,0.1524,31.7,0.0252785
500.0,9.9,0.1524,31.7,0.0252785
630.0,9.9,0.1524,31.7,0.0252785
800.0,9.9,0.1524,31.7,0.0252785
1000.0,9.9,0.1524,31.7,0.0252785
1250.0,9.9,0.1524,31.7,0.0252785
1600.0,9.9,0.1524,31.7,0.0252785
2000.0,9.9,0.1524,31.7,0.0252785
2500.0,9.9,0.1524,31.7,0.0252785
3150.0,9.9,0.1524,31.7,0.0252785
4000.0,9.9,0.1524,31.7,0.0252785
5000.0,9.9,0.1524,31.7,0.0252785
6300.0,9.9,0.1524,31.7,0.0252785
200.0,12.6,0.1524,71.3,0.0483159
250.0,12.6,0.1524,71.3,0.0483159
315.0,12.6,0.1524,71.3,0.0483159
400.0,12.6,0.1524,71.3,0.0483159
500.0,12.6,0.1524,71.3,0.0483159
630.0,12.6,0.1524,71.3,0.0483159
800.0,12.6,0.1524,71.3,0.0483159
1000.0,12.6,0.1524,71.3,0.0483159
1250.0,12.6,0.1524,71.3,0.0483159
1600.0,12.6,0.1524,71.3,0.0483159
2000.0,12.6,0.1524,71.3,0.0483159
2500.0,12.6,0.1524,71.3,0.0483159
3150.0,12.6,0.1524,71.3,0.0483159
4000.0,12.6,0.1524,71.3,0.0483159
5000.0,12.6,0.1524,71.3,0.0483159
6300.0,12.6,0.1524,71.3,0.0483159
200.0,12.6,0.1524,39.6,0.0584113
250.0,12.6,0.1524,39.6,0.0584113
315.0,12.6,0.1524,39.6,0.0584113
400.0,12.6,0.1524,39.6,0.0584113
500.0,12.6,0.1524,39.6,0.0584113
630.0,12.6,0.1524,39.6,0.0584113
800.0,12.6,0.1524,39.6,0.0584113
1000.0,12.6,0.1524,39.6,0.0584113
1250.0,12.6,0.1524,39.6,0.0584113
1600.0,12.6,0.1524,39.6,0.0584113
2000.0,12.6,0.1524,39.6,0.0584113
2500.0,12.6,0.1524,39.6,0.0584113
3150.0,12.6,0.1524,39.6,0.0584113
4000.0,12.6,0.1524,39.6,0.0584113
5000.0,12.6,0.1524,39.6,0.0584113
6300.0,12.6,0.1524,39.6,0.0584113
800.0,0.0,0.0508,71.3,0.000740478
1000.0,0.0,0.0508,71.3,0.000740478
1250.0,0.0,0.0508,71.3,0.000740478
1600.0,0.0,0.0508,71.3,0.000740478
2000.0,0.0,0.0508,71.3,0.000740478
2500.0,0.0,0.0508,71.3,0.000740478
3150.0,0.0,0.0508,71.3,0.000740478
4000.0,0.0,0.0508,71.3,0.000740478
5000.0,0.0,0.0508,71.3,0.000740478
6300.0,0.0,0.0508,71.3,0.000740478
8000.0,0.0,0.0508,71.3,0.000740478
10000.0,0.0,0.0508,71.3,0.000740478
12500.0,0.0,0.0508,71.3,0.000740478
800.0,0.0,0.0508,55.5,0.00076193
1000.0,0.0,0.0508,55.5,0.00076193
1250.0,0.0,0.0508,55.5,0.00076193
1600.0,0.0,0.0508,55.5,0.00076193
2000.0,0.0,0.0508,55.5,0.00076193
2500.0,0.0,0.0508,55.5,0.00076193
3150.0,0.0,0.0508,55.5,0.00076193
4000.0,0.0,0.0508,55.5,0.00076193
5000.0,0.0,0.0508,55.5,0.00076193
6300.0,0.0,0.0508,55.5,0.00076193
8000.0,0.0,0.0508,55.5,0.00076193
10000.0,0.0,0.0508,55.5,0.00076193
12500.0,0.0,0.0508,55.5,0.00076193
800.0,0.0,0.0508,39.6,0.000791822
1000.0,0.0,0.0508,39.6,0.000791822
1250.0,0.0,0.0508,39.6,0.000791822
1600.0,0.0,0.0508,39.6,0.000791822
2000.0,0.0,0.0508,39.6,0.000791822
2500.0,0.0,0.0508,39.6,0.000791822
3150.0,0.0,0.0508,39.6,0.000791822
4000.0,0.0,0.0508,39.6,0.000791822
5000.0,0.0,0.0508,39.6,0.000791822
6300.0,0.0,0.0508,39.6,0.000791822
8000.0,0.0,0.0508,39.6,0.000791822
10000.0,0.0,0.0508,39.6,0.000791822
12500.0,0.0,0.0508,39.6,0.000791822
800.0,0.0,0.0508,31.7,0.000812164
1000.0,0.0,0.0508,31.7,0.000812164
1250.0,0.0,0.0508,31.7,0.000812164
1600.0,0.0,0.0508,31.7,0.000812164
2000.0,0.0,0.0508,31.7,0.000812164
2500.0,0.0,0.0508,31.7,0.000812164
3150.0,0.0,0.0508,31.7,0.000812164
4000.0,0.0,0.0508,31.7,0.000812164
5000.0,0.0,0.0508,31.7,0.000812164
6300.0,0.0,0.0508,31.7,0.000812164
8000.0,0.0,0.0508,31.7,0.000812164
10000.0,0.0,0.0508,31.7,0.000812164
12500.0,0.0,0.0508,31.7,0.000812164
1600.0,4.2,0.0508,71.3,0.00142788
2000.0,4.2,0.0508,71.3,0.00142788
2500.0,4.2,0.0508,71.3,0.00142788
3150.0,4.2,0.0508,71.3,0.00142788
4000.0,4.2,0.0508,71.3,0.00142788
5000.0,4.2,0.0508,71.3,0.00142788
6300.0,4.2,0.0508,71.3,0.00142788
8000.0,4.2,0.0508,71.3,0.00142788
10000.0,4.2,0.0508,71.3,0.00142788
12500.0,4.2,0.0508,71.3,0.00142788
1000.0,4.2,0.0508,39.6,0.00152689
1250.0,4.2,0.0508,39.6,0.00152689
1600.0,4.2,0.0508,39.6,0.00152689
2000.0,4.2,0.0508,39.6,0.00152689
2500.0,4.2,0.0508,39.6,0.00152689
3150.0,4.2,0.0508,39.6,0.00152689
4000.0,4.2,0.0508,39.6,0.00152689
5000.0,4.2,0.0508,39.6,0.00152689
6300.0,4.2,0.0508,39.6,0.00152689
8000.0,4.2,0.0508,39.6,0.00152689
10000.0,4.2,0.0508,39.6,0.00152689
800.0,8.4,0.0508,71.3,0.00529514
1000.0,8.4,0.0508,71.3,0.00529514
1250.0,8.4,0.0508,71.3,0.00529514
1600.0,8.4,0.0508,71.3,0.00529514
2000.0,8.4,0.0508,71.3,0.00529514
2500.0,8.4,0.0508,71.3,0.00529514
3150.0,8.4,0.0508,71.3,0.00529514
4000.0,8.4,0.0508,71.3,0.00529514
5000.0,8.4,0.0508,71.3,0.00529514
400.0,8.4,0.0508,55.5,0.00544854
500.0,8.4,0.0508,55.5,0.00544854
630.0,8.4,0.0508,55.5,0.00544854
800.0,8.4,0.0508,55.5,0.00544854
1000.0,8.4,0.0508,55.5,0.00544854
1250.0,8.4,0.0508,55.5,0.00544854
1600.0,8.4,0.0508,55.5,0.00544854
2000.0,8.4,0.0508,55.5,0.00544854
2500.0,8.4,0.0508,55.5,0.00544854
3150.0,8.4,0.0508,55.5,0.00544854
4000.0,8.4,0.0508,55.5,0.00544854
5000.0,8.4,0.0508,55.5,0.00544854
400.0,8.4,0.0508,39.6,0.00566229
500.0,8.4,0.0508,39.6,0.00566229
630.0,8.4,0.0508,39.6,0.00566229
800.0,8.4,0.0508,39.6,0.00566229
1000.0,8.4,0.0508,39.6,0.00566229
1250.0,8.4,0.0508,39.6,0.00566229
1600.0,8.4,0.0508,39.6,0.00566229
2000.0,8.4,0.0508,39.6,0.00566229
2500.0,8.4,0.0508,39.6,0.00566229
3150.0,8.4,0.0508,39.6,0.00566229
4000.0,8.4,0.0508,39.6,0.00566229
400.0,8.4,0.0508,31.7,0.00580776
500.0,8.4,0.0508,31.7,0.00580776
630.0,8.4,0.0508,31.7,0.00580776
800.0,8.4,0.0508,31.7,0.00580776
1000.0,8.4,0.0508,31.7,0.00580776
1250.0,8.4,0.0508,31.7,0.00580776
1600.0,8.4,0.0508,31.7,0.00580776
2000.0,8.4,0.0508,31.7,0.00580776
2500.0,8.4,0.0508,31.7,0.00580776
3150.0,8.4,0.0508,31.7,0.00580776
4000.0,8.4,0.0508,31.7,0.00580776
200.0,11.2,0.0508,71.3,0.014072
250.0,11.2,0.0508,71.3,0.014072
315.0,11.2,0.0508,71.3,0.014072
400.0,11.2,0.0508,71.3,0.014072
500.0,11.2,0.0508,71.3,0.014072
630.0,11.2,0.0508,71.3,0.014072
800.0,11.2,0.0508,71.3,0.014072
1000.0,11.2,0.0508,71.3,0.014072
1250.0,11.2,0.0508,71.3,0.014072
1600.0,11.2,0.0508,71.3,0.014072
2000.0,11.2,0.0508,71.3,0.014072
2500.0,11.2,0.0508,71.3,0.014072
3150.0,11.2,0.0508,71.3,0.014072
4000.0,11.2,0.0508,71.3,0.014072
200.0,11.2,0.0508,39.6,0.0150478
250.0,11.2,0.0508,39.6,0.0150478
315.0,11.2,0.0508,39.6,0.0150478
400.0,11.2,0.0508,39.6,0.0150478
500.0,11.2,0.0508,39.6,0.0150478
630.0,11.2,0.0508,39.6,0.0150478
800.0,11.2,0.0508,39.6,0.0150478
1000.0,11.2,0.0508,39.6,0.0150478
1250.0,11.2,0.0508,39.6,0.0150478
1600.0,11.2,0.0508,39.6,0.0150478
2000.0,11.2,0.0508,39.6,0.0150478
2500.0,11.2,0.0508,39.6,0.0150478
3150.0,11.2,0.0508,39.6,0.0150478
4000.0,11.2,0.0508,39.6,0.0150478
200.0,15.4,0.0508,71.3,0.0264269
250.0,15.4,0.0508,71.3,0.0264269
315.0,15.4,0.0508,71.3,0.0264269
400.0,15.4,0.0508,71.3,0.0264269
500.0,15.4,0.0508,71.3,0.0264269
630.0,15.4,0.0508,71.3,0.0264269
800.0,15.4,0.0508,71.3,0.0264269
1000.0,15.4,0.0508,71.3,0.0264269
1250.0,15.4,0.0508,71.3,0.0264269
1600.0,15.4,0.0508,71.3,0.0264269
2000.0,15.4,0.0508,71.3,0.0264269
2500.0,15.4,0.0508,71.3,0.0264269
3150.0,15.4,0.0508,71.3,0.0264269
4000.0,15.4,0.0508,71.3,0.0264269
5000.0,15.4,0.0508,71.3,0.0264269
6300.0,15.4,0.0508,71.3,0.0264269
8000.0,15.4,0.0508,71.3,0.0264269
200.0,15.4,0.0508,55.5,0.0271925
250.0,15.4,0.0508,55.5,0.0271925
315.0,15.4,0.0508,55.5,0.0271925
400.0,15.4,0.0508,55.5,0.0271925
500.0,15.4,0.0508,55.5,0.0271925
630.0,15.4,0.0508,55.5,0.0271925
800.0,15.4,0.0508,55.5,0.0271925
1000.0,15.4,0.0508,55.5,0.0271925
1250.0,15.4,0.0508,55.5,0.0271925
1600.0,15.4,0.0508,55.5,0.0271925
2000.0,15.4,0.0508,55.5,0.0271925
2500.0,15.4,0.0508,55.5,0.0271925
3150.0,15.4,0.0508,55.5,0.0271925
4000.0,15.4,0.0508,55.5,0.0271925
5000.0,15.4,0.0508,55.5,0.0271925
6300.0,15.4,0.0508,55.5,0.0271925
200.0,15.4,0.0508,39.6,0.0282593
250.0,15.4,0.0508,39.6,0.0282593
315.0,15.4,0.0508,39.6,0.0282593
400.0,15.4,0.0508,39.6,0.0282593
500.0,15.4,0.0508,39.6,0.0282593
630.0,15.4,0.0508,39.6,0.0282593
800.0,15.4,0.0508,39.6,0.0282593
1000.0,15.4,0.0508,39.6,0.0282593
1250.0,15.4,0.0508,39.6,0.0282593
1600.0,15.4,0.0508,39.6,0.0282593
2000.0,15.4,0.0508,39.6,0.0282593
2500.0,15.4,0.0508,39.6,0.0282593
3150.0,15.4,0.0508,39.6,0.0282593
4000.0,15.4,0.0508,39.6,0.0282593
5000.0,15.4,0.0508,39.6,0.0282593
6300.0,15.4,0.0508,39.6,0.0282593
200.0,15.4,0.0508,31.7,0.0289853
250.0,15.4,0.0508,31.7,0.0289853
315.0,15.4,0.0508,31.7,0.0289853
400.0,15.4,0.0508,31.7,0.0289853
500.0,15.4,0.0508,31.7,0.0289853
630.0,15.4,0.0508,31.7,0.0289853
800.0,15.4,0.0508,31.7,0.0289853
1000.0,15.4,0.0508,31.7,0.0289853
1250.0,15.4,0.0508,31.7,0.0289853
1600.0,15.4,0.0508,31.7,0.0289853
2000.0,15.4,0.0508,31.7,0.0289853
2500.0,15.4,0.0508,31.7,0.0289853
3150.0,15.4,0.0508,31.7,0.0289853
4000.0,15.4,0.0508,31.7,0.0289853
5000.0,15.4,0.0508,31.7,0.0289853
6300.0,15.4,0.0508,31.7,0.0289853
200.0,19.7,0.0508,71.3,0.0341183
250.0,19.7,0.0508,71.3,0.0341183
315.0,19.7,0.0508,71.3,0.0341183
400.0,19.7,0.0508,71.3,0.0341183
500.0,19.7,0.0508,71.3,0.0341183
630.0,19.7,0.0508,71.3,0.0341183
800.0,19.7,0.0508,71.3,0.0341183
1000.0,19.7,0.0508,71.3,0.0341183
1250.0,19.7,0.0508,71.3,0.0341183
1600.0,19.7,0.0508,71.3,0.0341183
2000.0,19.7,0.0508,71.3,0.0341183
2500.0,19.7,0.0508,71.3,0.0341183
3150.0,19.7,0.0508,71.3,0.0341183
4000.0,19.7,0.0508,71.3,0.0341183
200.0,19.7,0.0508,39.6,0.036484
250.0,19.7,0.0508,39.6,0.036484
315.0,19.7,0.0508,39.6,0.036484
400.0,19.7,0.0508,39.6,0.036484
500.0,19.7,0.0508,39.6,0.036484
630.0,19.7,0.0508,39.6,0.036484
800.0,19.7,0.0508,39.6,0.036484
1000.0,19.7,0.0508,39.6,0.036484
1250.0,19.7,0.0508,39.6,0.036484
1600.0,19.7,0.0508,39.6,0.036484
2000.0,19.7,0.0508,39.6,0.036484
2500.0,19.7,0.0508,39.6,0.036484
3150.0,19.7,0.0508,39.6,0.036484
4000.0,19.7,0.0508,39.6,0.036484
2500.0,0.0,0.0254,71.3,0.000400682
3150.0,0.0,0.0254,71.3,0.000400682
4000.0,0.0,0.0254,71.3,0.000400682
5000.0,0.0,0.0254,71.3,0.000400682
6300.0,0.0,0.0254,71.3,0.000400682
8000.0,0.0,0.0254,71.3,0.000400682
10000.0,0.0,0.0254,71.3,0.000400682
12500.0,0.0,0.0254,71.3,0.000400682
16000.0,0.0,0.0254,71.3,0.000400682
20000.0,0.0,0.0254,71.3,0.000400682
2000.0,0.0,0.0254,55.5,0.00041229
2500.0,0.0,0.0254,55.5,0.00041229
3150.0,0.0,0.0254,55.5,0.00041229
4000.0,0.0,0.0254,55.5,0.00041229
5000.0,0.0,0.0254,55.5,0.00041229
6300.0,0.0,0.0254,55.5,0.00041229
8000.0,0.0,0.0254,55.5,0.00041229
10000.0,0.0,0.0254,55.5,0.00041229
12500.0,0.0,0.0254,55.5,0.00041229
16000.0,0.0,0.0254,55.5,0.00041229
20000.0,0.0,0.0254,55.5,0.00041229
1600.0,0.0,0.0254,39.6,0.000428464
2000.0,0.0,0.0254,39.6,0.000428464
2500.0,0.0,0.0254,39.6,0.000428464
3150.0,0.0,0.0254,39.6,0.000428464
4000.0,0.0,0.0254,39.6,0.000428464
5000.0,0.0,0.0254,39.6,0.000428464
6300.0,0.0,0.0254,39.6,0.000428464
8000.0,0.0,0.0254,39.6,0.000428464
10000.0,0.0,0.0254,39.6,0.000428464
12500.0,0.0,0.0254,39.6,0.000428464
16000.0,0.0,0.0254,39.6,0.000428464
1000.0,0.0,0.0254,31.7,0.000439472
1250.0,0.0,0.0254,31.7,0.000439472
1600.0,0.0,0.0254,31.7,0.000439472
2000.0,0.0,0.0254,31.7,0.000439472
2500.0,0.0,0.0254,31.7,0.000439472
3150.0,0.0,0.0254,31.7,0.000439472
4000.0,0.0,0.0254,31.7,0.000439472
5000.0,0.0,0.0254,31.7,0.000439472
6300.0,0.0,0.0254,31.7,0.000439472
8000.0,0.0,0.0254,31.7,0.000439472
10000.0,0.0,0.0254,31.7,0.000439472
12500.0,0.0,0.0254,31.7,0.000439472
16000.0,0.0,0.0254,31.7,0.000439472
2000.0,4.8,0.0254,71.3,0.000848633
2500.0,4.8,0.0254,71.3,0.000848633
3150.0,4.8,0.0254,71.3,0.000848633
4000.0,4.8,0.0254,71.3,0.000848633
5000.0,4.8,0.0254,71.3,0.000848633
6300.0,4.8,0.0254,71.3,0.000848633
8000.0,4.8,0.0254,71.3,0.000848633
10000.0,4.8,0.0254,71.3,0.000848633
12500.0,4.8,0.0254,71.3,0.000848633
16000.0,4.8,0.0254,71.3,0.000848633
20000.0,4.8,0.0254,71.3,0.000848633
1600.0,4.8,0.0254,55.5,0.000873218
2000.0,4.8,0.0254,55.5,0.000873218
2500.0,4.8,0.0254,55.5,0.000873218
3150.0,4.8,0.0254,55.5,0.000873218
4000.0,4.8,0.0254,55.5,0.000873218
5000.0,4.8,0.0254,55.5,0.000873218
6300.0,4.8,0.0254,55.5,0.000873218
8000.0,4.8,0.0254,55.5,0.000873218
10000.0,4.8,0.0254,55.5,0.000873218
12500.0,4.8,0.0254,55.5,0.000873218
16000.0,4.8,0.0254,55.5,0.000873218
20000.0,4.8,0.0254,55.5,0.000873218
500.0,4.8,0.0254,39.6,0.000907475
630.0,4.8,0.0254,39.6,0.000907475
800.0,4.8,0.0254,39.6,0.000907475
1000.0,4.8,0.0254,39.6,0.000907475
1250.0,4.8,0.0254,39.6,0.000907475
1600.0,4.8,0.0254,39.6,0.000907475
2000.0,4.8,0.0254,39.6,0.000907475
2500.0,4.8,0.0254,39.6,0.000907475
3150.0,4.8,0.0254,39.6,0.000907475
4000.0,4.8,0.0254,39.6,0.000907475
5000.0,4.8,0.0254,39.6,0.000907475
6300.0,4.8,0.0254,39.6,0.000907475
8000.0,4.8,0.0254,39.6,0.000907475
10000.0,4.8,0.0254,39.6,0.000907475
500.0,4.8,0.0254,31.7,0.000930789
630.0,4.8,0.0254,31.7,0.000930789
800.0,4.8,0.0254,31.7,0.000930789
1000.0,4.8,0.0254,31.7,0.000930789
1250.0,4.8,0.0254,31.7,0.000930789
1600.0,4.8,0.0254,31.7,0.000930789
2000.0,4.8,0.0254,31.7,0.000930789
2500.0,4.8,0.0254,31.7,0.000930789
3150.0,4.8,0.0254,31.7,0.000930789
4000.0,4.8,0.0254,31.7,0.000930789
5000.0,4.8,0.0254,31.7,0.000930789
6300.0,4.8,0.0254,31.7,0.000930789
8000.0,4.8,0.0254,31.7,0.000930789
630.0,9.5,0.0254,71.3,0.00420654
800.0,9.5,0.0254,71.3,0.00420654
1000.0,9.5,0.0254,71.3,0.00420654
1250.0,9.5,0.0254,71.3,0.00420654
1600.0,9.5,0.0254,71.3,0.00420654
2000.0,9.5,0.0254,71.3,0.00420654
2500.0,9.5,0.0254,71.3,0.00420654
3150.0,9.5,0.0254,71.3,0.00420654
4000.0,9.5,0.0254,71.3,0.00420654
5000.0,9.5,0.0254,71.3,0.00420654
6300.0,9.5,0.0254,71.3,0.00420654
400.0,9.5,0.0254,55.5,0.0043284
500.0,9.5,0.0254,55.5,0.0043284
630.0,9.5,0.0254,55.5,0.0043284
800.0,9.5,0.0254,55.5,0.0043284
1000.0,9.5,0.0254,55.5,0.0043284
1250.0,9.5,0.0254,55.5,0.0043284
1600.0,9.5,0.0254,55.5,0.0043284
2000.0,9.5,0.0254,55.5,0.0043284
2500.0,9.5,0.0254,55.5,0.0043284
3150.0,9.5,0.0254,55.5,0.0043284
4000.0,9.5,0.0254,55.5,0.0043284
5000.0,9.5,0.0254,55.5,0.0043284
6300.0,9.5,0.0254,55.5,0.0043284
200.0,9.5,0.0254,39.6,0.00449821
250.0,9.5,0.0254,39.6,0.00449821
315.0,9.5,0.0254,39.6,0.00449821
400.0,9.5,0.0254,39.6,0.00449821
500.0,9.5,0.0254,39.6,0.00449821
630.0,9.5,0.0254,39.6,0.00449821
800.0,9.5,0.0254,39.6,0.00449821
1000.0,9.5,0.0254,39.6,0.00449821
1250.0,9.5,0.0254,39.6,0.00449821
1600.0,9.5,0.0254,39.6,0.00449821
2000.0,9.5,0.0254,39.6,0.00449821
2500.0,9.5,0.0254,39.6,0.00449821
3150.0,9.5,0.0254,39.6,0.00449821
4000.0,9.5,0.0254,39.6,0.00449821
5000.0,9.5,0.0254,39.6,0.00449821
6300.0,9.5,0.0254,39.6,0.00449821
200.0,9.5,0.0254,31.7,0.00461377
250.0,9.5,0.0254,31.7,0.00461377
315.0,9.5,0.0254,31.7,0.00461377
400.0,9.5,0.0254,31.7,0.00461377
500.0,9.5,0.0254,31.7,0.00461377
630.0,9.5,0.0254,31.7,0.00461377
800.0,9.5,0.0254,31.7,0.00461377
1000.0,9.5,0.0254,31.7,0.00461377
1250.0,9.5,0.0254,31.7,0.00461377
1600.0,9.5,0.0254,31.7,0.00461377
2000.0,9.5,0.0254,31.7,0.00461377
2500.0,9.5,0.0254,31.7,0.00461377
3150.0,9.5,0.0254,31.7,0.00461377
4000.0,9.5,0.0254,31.7,0.00461377
5000.0,9.5,0.0254,31.7,0.00461377
6300.0,9.5,0.0254,31.7,0.00461377
250.0,12.7,0.0254,71.3,0.0121808
315.0,12.7,0.0254,71.3,0.0121808
400.0,12.7,0.0254,71.3,0.0121808
500.0,12.7,0.0254,71.3,0.0121808
630.0,12.7,0.0254,71.3,0.0121808
800.0,12.7,0.0254,71.3,0.0121808
1000.0,12.7,0.0254,71.3,0.0121808
1250.0,12.7,0.0254,71.3,0.0121808
1600.0,12.7,0.0254,71.3,0.0121808
2000.0,12.7,0.0254,71.3,0.0121808
2500.0,12.7,0.0254,71.3,0.0121808
3150.0,12.7,0.0254,71.3,0.0121808
4000.0,12.7,0.0254,71.3,0.0121808
5000.0,12.7,0.0254,71.3,0.0121808
6300.0,12.7,0.0254,71.3,0.0121808
8000.0,12.7,0.0254,71.3,0.0121808
10000.0,12.7,0.0254,71.3,0.0121808
250.0,12.7,0.0254,39.6,0.0130253
315.0,12.7,0.0254,39.6,0.0130253
400.0,12.7,0.0254,39.6,0.0130253
500.0,12.7,0.0254,39.6,0.0130253
630.0,12.7,0.0254,39.6,0.0130253
800.0,12.7,0.0254,39.6,0.0130253
1000.0,12.7,0.0254,39.6,0.0130253
1250.0,12.7,0.0254,39.6,0.0130253
1600.0,12.7,0.0254,39.6,0.0130253
2000.0,12.7,0.0254,39.6,0.0130253
2500.0,12.7,0.0254,39.6,0.0130253
3150.0,12.7,0.0254,39.6,0.0130253
4000.0,12.7,0.0254,39.6,0.0130253
5000.0,12.7,0.0254,39.6,0.0130253
6300.0,12.7,0.0254,39.6,0.0130253
8000.0,12.7,0.0254,39.6,0.0130253
10000.0,12.7,0.0254,39.6,0.0130253
200.0,17.4,0.0254,71.3,0.016104
250.0,17.4,0.0254,71.3,0.016104
315.0,17.4,0.0254,71.3,0.016104
400.0,17.4,0.0254,71.3,0.016104
500.0,17.4,0.0254,71.3,0.016104
630.0,17.4,0.0254,71.3,0.016104
800.0,17.4,0.0254,71.3,0.016104
1000.0,17.4,0.0254,71.3,0.016104
1250.0,17.4,0.0254,71.3,0.016104
1600.0,17.4,0.0254,71.3,0.016104
2000.0,17.4,0.0254,71.3,0.016104
2500.0,17.4,0.0254,71.3,0.016104
3150.0,17.4,0.0254,71.3,0.016104
4000.0,17.4,0.0254,71.3,0.016104
5000.0,17.4,0.0254,71.3,0.016104
6300.0,17.4,0.0254,71.3,0.016104
8000.0,17.4,0.0254,71.3,0.016104
200.0,17.4,0.0254,55.5,0.0165706
250.0,17.4,0.0254,55.5,0.0165706
315.0,17.4,0.0254,55.5,0.0165706
400.0,17.4,0.0254,55.5,0.0165706
500.0,17.4,0.0254,55.5,0.0165706
630.0,17.4,0.0254,55.5,0.0165706
800.0,17.4,0.0254,55.5,0.0165706
1000.0,17.4,0.0254,55.5,0.0165706
1250.0,17.4,0.0254,55.5,0.0165706
1600.0,17.4,0.0254,55.5,0.0165706
2000.0,17.4,0.0254,55.5,0.0165706
2500.0,17.4,0.0254,55.5,0.0165706
3150.0,17.4,0.0254,55.5,0.0165706
4000.0,17.4,0.0254,55.5,0.0165706
5000.0,17.4,0.0254,55.5,0.0165706
6300.0,17.4,0.0254,55.5,0.0165706
200.0,17.4,0.0254,39.6,0.0172206
250.0,17.4,0.0254,39.6,0.0172206
315.0,17.4,0.0254,39.6,0.0172206
400.0,17.4,0.0254,39.6,0.0172206
500.0,17.4,0.0254,39.6,0.0172206
630.0,17.4,0.0254,39.6,0.0172206
800.0,17.4,0.0254,39.6,0.0172206
1000.0,17.4,0.0254,39.6,0.0172206
1250.0,17.4,0.0254,39.6,0.0172206
1600.0,17.4,0.0254,39.6,0.0172206
2000.0,17.4,0.0254,39.6,0.0172206
2500.0,17.4,0.0254,39.6,0.0172206
3150.0,17.4,0.0254,39.6,0.0172206
4000.0,17.4,0.0254,39.6,0.0172206
5000.0,17.4,0.0254,39.6,0.0172206
200.0,17.4,0.0254,31.7,0.0176631
250.0,17.4,0.0254,31.7,0.0176631
315.0,17.4,0.0254,31.7,0.0176631
400.0,17.4,0.0254,31.7,0.0176631
500.0,17.4,0.0254,31.7,0.0176631
630.0,17.4,0.0254,31.7,0.0176631
800.0,17.4,0.0254,31.7,0.0176631
1000.0,17.4,0.0254,31.7,0.0176631
1250.0,17.4,0.0254,31.7,0.0176631
1600.0,17.4,0.0254,31.7,0.0176631
2000.0,17.4,0.0254,31.7,0.0176631
2500.0,17.4,0.0254,31.7,0.0176631
3150.0,17.4,0.0254,31.7,0.0176631
4000.0,17.4,0.0254,31.7,0.0176631
5000.0,17.4,0.0254,31.7,0.0176631
315.0,22.2,0.0254,71.3,0.0214178
400.0,22.2,0.0254,71.3,0.0214178
500.0,22.2,0.0254,71.3,0.0214178
630.0,22.2,0.0254,71.3,0.0214178
800.0,22.2,0.0254,71.3,0.0214178
1000.0,22.2,0.0254,71.3,0.0214178
1250.0,22.2,0.0254,71.3,0.0214178
1600.0,22.2,0.0254,71.3,0.0214178
2000.0,22.2,0.0254,71.3,0.0214178
2500.0,22.2,0.0254,71.3,0.0214178
3150.0,22.2,0.0254,71.3,0.0214178
4000.0,22.2,0.0254,71.3,0.0214178
5000.0,22.2,0.0254,71.3,0.0214178
6300.0,22.2,0.0254,71.3,0.0214178
8000.0,22.2,0.0254,71.3,0.0214178
200.0,22.2,0.0254,39.6,0.0229028
250.0,22.2,0.0254,39.6,0.0229028
315.0,22.2,0.0254,39.6,0.0229028
400.0,22.2,0.0254,39.6,0.0229028
500.0,22.2,0.0254,39.6,0.0229028
630.0,22.2,0.0254,39.6,0.0229028
800.0,22.2,0.0254,39.6,0.0229028
1000.0,22.2,0.0254,39.6,0.0229028
1250.0,22.2,0.0254,39.6,0.0229028
1600.0,22.2,0.0254,39.6,0.0229028
2000.0,22.2,0.0254,39.6,0.0229028
2500.0,22.2,0.0254,39.6,0.0229028
3150.0,22.2,0.0254,39.6,0.0229028
4000.0,22.2,0.0254,39.6,0.0229028
5000.0,22.2,0.0254,39.6,0.0229028
630.0,0.0,0.1016,71.3,0.00121072
800.0,0.0,0.1016,71.3,0.00121072
1000.0,0.0,0.1016,71.3,0.00121072
1250.0,0.0,0.1016,71.3,0.00121072
1600.0,0.0,0.1016,71.3,0.00121072
2000.0,0.0,0.1016,71.3,0.00121072
2500.0,0.0,0.1016,71.3,0.00121072
3150.0,0.0,0.1016,71.3,0.00121072
4000.0,0.0,0.1016,71.3,0.00121072
5000.0,0.0,0.1016,71.3,0.00121072
6300.0,0.0,0.1016,71.3,0.00121072
8000.0,0.0,0.1016,71.3,0.00121072
10000.0,0.0,0.1016,71.3,0.00121072
12500.0,0.0,0.1016,71.3,0.00121072
630.0,0.0,0.1016,55.5,0.00131983
800.0,0.0,0.1016,55.5,0.00131983
1000.0,0.0,0.1016,55.5,0.00131983
1250.0,0.0,0.1016,55.5,0.00131983
1600.0,0.0,0.1016,55.5,0.00131983
2000.0,0.0,0.1016,55.5,0.00131983
2500.0,0.0,0.1016,55.5,0.00131983
3150.0,0.0,0.1016,55.5,0.00131983
4000.0,0.0,0.1016,55.5,0.00131983
5000.0,0.0,0.1016,55.5,0.00131983
6300.0,0.0,0.1016,55.5,0.00131983
8000.0,0.0,0.1016,55.5,0.00131983
10000.0,0.0,0.1016,55.5,0.00131983
12500.0,0.0,0.1016,55.5,0.00131983
630.0,0.0,0.1016,39.6,0.00146332
800.0,0.0,0.1016,39.6,0.00146332
1000.0,0.0,0.1016,39.6,0.00146332
1250.0,0.0,0.1016,39.6,0.00146332
1600.0,0.0,0.1016,39.6,0.00146332
2000.0,0.0,0.1016,39.6,0.00146332
2500.0,0.0,0.1016,39.6,0.00146332
3150.0,0.0,0.1016,39.6,0.00146332
4000.0,0.0,0.1016,39.6,0.00146332
5000.0,0.0,0.1016,39.6,0.00146332
6300.0,0.0,0.1016,39.6,0.00146332
8000.0,0.0,0.1016,39.6,0.00146332
10000.0,0.0,0.1016,39.6,0.00146332
630.0,0.0,0.1016,31.7,0.00150092
800.0,0.0,0.1016,31.7,0.00150092
1000.0,0.0,0.1016,31.7,0.00150092
1250.0,0.0,0.1016,31.7,0.00150092
1600.0,0.0,0.1016,31.7,0.00150092
2000.0,0.0,0.1016,31.7,0.00150092
2500.0,0.0,0.1016,31.7,0.00150092
3150.0,0.0,0.1016,31.7,0.00150092
4000.0,0.0,0.1016,31.7,0.00150092
5000.0,0.0,0.1016,31.7,0.00150092
6300.0,0.0,0.1016,31.7,0.00150092
8000.0,0.0,0.1016,31.7,0.00150092
10000.0,0.0,0.1016,31.7,0.00150092
800.0,3.3,0.1016,71.3,0.00202822
1000.0,3.3,0.1016,71.3,0.00202822
1250.0,3.3,0.1016,71.3,0.00202822
1600.0,3.3,0.1016,71.3,0.00202822
2000.0,3.3,0.1016,71.3,0.00202822
2500.0,3.3,0.1016,71.3,0.00202822
3150.0,3.3,0.1016,71.3,0.00202822
4000.0,3.3,0.1016,71.3,0.00202822
5000.0,3.3,0.1016,71.3,0.00202822
6300.0,3.3,0.1016,71.3,0.00202822
8000.0,3.3,0.1016,71.3,0.00202822
10000.0,3.3,0.1016,71.3,0.00202822
630.0,3.3,0.1016,55.5,0.002211
800.0,3.3,0.1016,55.5,0.002211
1000.0,3.3,0.1016,55.5,0.002211
1250.0,3.3,0.1016,55.5,0.002211
1600.0,3.3,0.1016,55.5,0.002211
2000.0,3.3,0.1016,55.5,0.002211
2500.0,3.3,0.1016,55.5,0.002211
3150.0,3.3,0.1016,55.5,0.002211
4000.0,3.3,0.1016,55.5,0.002211
5000.0,3.3,0.1016,55.5,0.002211
6300.0,3.3,0.1016,55.5,0.002211
8000.0,3.3,0.1016,55.5,0.002211
10000.0,3.3,0.1016,55.5,0.002211
630.0,3.3,0.1016,39.6,0.00245138
800.0,3.3,0.1016,39.6,0.00245138
1000.0,3.3,0.1016,39.6,0.00245138
1250.0,3.3,0.1016,39.6,0.00245138
1600.0,3.3,0.1016,39.6,0.00245138
2000.0,3.3,0.1016,39.6,0.00245138
2500.0,3.3,0.1016,39.6,0.00245138
3150.0,3.3,0.1016,39.6,0.00245138
4000.0,3.3,0.1016,39.6,0.00245138
5000.0,3.3,0.1016,39.6,0.00245138
6300.0,3.3,0.1016,39.6,0.00245138
8000.0,3.3,0.1016,39.6,0.00245138
10000.0,3.3,0.1016,39.6,0.00245138
630.0,3.3,0.1016,31.7,0.00251435
800.0,3.3,0.1016,31.7,0.00251435
1000.0,3.3,0.1016,31.7,0.00251435
1250.0,3.3,0.1016,31.7,0.00251435
1600.0,3.3,0.1016,31.7,0.00251435
2000.0,3.3,0.1016,31.7,0.00251435
2500.0,3.3,0.1016,31.7,0.00251435
3150.0,3.3,0.1016,31.7,0.00251435
4000.0,3.3,0.1016,31.7,0.00251435
5000.0,3.3,0.1016,31.7,0.00251435
6300.0,3.3,0.1016,31.7,0.00251435
8000.0,3.3,0.1016,31.7,0.00251435
630.0,6.7,0.1016,71.3,0.00478288
800.0,6.7,0.1016,71.3,0.00478288
1000.0,6.7,0.1016,71.3,0.00478288
1250.0,6.7,0.1016,71.3,0.00478288
1600.0,6.7,0.1016,71.3,0.00478288
2000.0,6.7,0.1016,71.3,0.00478288
2500.0,6.7,0.1016,71.3,0.00478288
3150.0,6.7,0.1016,71.3,0.00478288
500.0,6.7,0.1016,55.5,0.0052139
630.0,6.7,0.1016,55.5,0.0052139
800.0,6.7,0.1016,55.5,0.0052139
1000.0,6.7,0.1016,55.5,0.0052139
1250.0,6.7,0.1016,55.5,0.0052139
1600.0,6.7,0.1016,55.5,0.0052139
2000.0,6.7,0.1016,55.5,0.0052139
2500.0,6.7,0.1016,55.5,0.0052139
400.0,6.7,0.1016,39.6,0.00578076
500.0,6.7,0.1016,39.6,0.00578076
630.0,6.7,0.1016,39.6,0.00578076
800.0,6.7,0.1016,39.6,0.00578076
1000.0,6.7,0.1016,39.6,0.00578076
1250.0,6.7,0.1016,39.6,0.00578076
1600.0,6.7,0.1016,39.6,0.00578076
2000.0,6.7,0.1016,39.6,0.00578076
315.0,6.7,0.1016,31.7,0.00592927
400.0,6.7,0.1016,31.7,0.00592927
500.0,6.7,0.1016,31.7,0.00592927
630.0,6.7,0.1016,31.7,0.00592927
800.0,6.7,0.1016,31.7,0.00592927
1000.0,6.7,0.1016,31.7,0.00592927
1250.0,6.7,0.1016,31.7,0.00592927
1600.0,6.7,0.1016,31.7,0.00592927
2000.0,6.7,0.1016,31.7,0.00592927
200.0,8.9,0.1016,71.3,0.0103088
250.0,8.9,0.1016,71.3,0.0103088
315.0,8.9,0.1016,71.3,0.0103088
400.0,8.9,0.1016,71.3,0.0103088
500.0,8.9,0.1016,71.3,0.0103088
630.0,8.9,0.1016,71.3,0.0103088
800.0,8.9,0.1016,71.3,0.0103088
1000.0,8.9,0.1016,71.3,0.0103088
1250.0,8.9,0.1016,71.3,0.0103088
1600.0,8.9,0.1016,71.3,0.0103088
2000.0,8.9,0.1016,71.3,0.0103088
2500.0,8.9,0.1016,71.3,0.0103088
3150.0,8.9,0.1016,71.3,0.0103088
4000.0,8.9,0.1016,71.3,0.0103088
5000.0,8.9,0.1016,71.3,0.0103088
6300.0,8.9,0.1016,71.3,0.0103088
200.0,8.9,0.1016,39.6,0.0124596
250.0,8.9,0.1016,39.6,0.0124596
315.0,8.9,0.1016,39.6,0.0124596
400.0,8.9,0.1016,39.6,0.0124596
500.0,8.9,0.1016,39.6,0.0124596
630.0,8.9,0.1016,39.6,0.0124596
800.0,8.9,0.1016,39.6,0.0124596
1000.0,8.9,0.1016,39.6,0.0124596
1250.0,8.9,0.1016,39.6,0.0124596
1600.0,8.9,0.1016,39.6,0.0124596
2000.0,8.9,0.1016,39.6,0.0124596
2500.0,8.9,0.1016,39.6,0.0124596
3150.0,8.9,0.1016,39.6,0.0124596
4000.0,8.9,0.1016,39.6,0.0124596
5000.0,8.9,0.1016,39.6,0.0124596
6300.0,8.9,0.1016,39.6,0.0124596
200.0,12.3,0.1016,71.3,0.0337792
250.0,12.3,0.1016,71.3,0.0337792
315.0,12.3,0.1016,71.3,0.0337792
400.0,12.3,0.1016,71.3,0.0337792
500.0,12.3,0.1016,71.3,0.0337792
630.0,12.3,0.1016,71.3,0.0337792
800.0,12.3,0.1016,71.3,0.0337792
1000.0,12.3,0.1016,71.3,0.0337792
1250.0,12.3,0.1016,71.3,0.0337792
1600.0,12.3,0.1016,71.3,0.0337792
2000.0,12.3,0.1016,71.3,0.0337792
2500.0,12.3,0.1016,71.3,0.0337792
3150.0,12.3,0.1016,71.3,0.0337792
4000.0,12.3,0.1016,71.3,0.0337792
5000.0,12.3,0.1016,71.3,0.0337792
6300.0,12.3,0.1016,71.3,0.0337792
200.0,12.3,0.1016,55.5,0.0368233
250.0,12.3,0.1016,55.5,0.0368233
315.0,12.3,0.1016,55.5,0.0368233
400.0,12.3,0.1016,55.5,0.0368233
500.0,12.3,0.1016,55.5,0.0368233
630.0,12.3,0.1016,55.5,0.0368233
800.0,12.3,0.1016,55.5,0.0368233
1000.0,12.3,0.1016,55.5,0.0368233
1250.0,12.3,0.1016,55.5,0.0368233
1600.0,12.3,0.1016,55.5,0.0368233
2000.0,12.3,0.1016,55.5,0.0368233
2500.0,12.3,0.1016,55.5,0.0368233
3150.0,12.3,0.1016,55.5,0.0368233
4000.0,12.3,0.1016,55.5,0.0368233
5000.0,12.3,0.1016,55.5,0.0368233
6300.0,12.3,0.1016,55.5,0.0368233
200.0,12.3,0.1016,39.6,0.0408268
250.0,12.3,0.1016,39.6,0.0408268
315.0,12.3,0.1016,39.6,0.0408268
400.0,12.3,0.1016,39.6,0.0408268
500.0,12.3,0.1016,39.6,0.0408268
630.0,12.3,0.1016,39.6,0.0408268
800.0,12.3,0.1016,39.6,0.0408268
1000.0,12.3,0.1016,39.6,0.0408268
1250.0,12.3,0.1016,39.6,0.0408268
1600.0,12.3,0.1016,39.6,0.0408268
2000.0,12.3,0.1016,39.6,0.0408268
2500.0,12.3,0.1016,39.6,0.0408268
3150.0,12.3,0.1016,39.6,0.0408268
4000.0,12.3,0.1016,39.6,0.0408268
5000.0,12.3,0.1016,39.6,0.0408268
6300.0,12.3,0.1016,39.6,0.0408268
200.0,12.3,0.1016,31.7,0.0418756
250.0,12.3,0.1016,31.7,0.0418756
315.0,12.3,0.1016,31.7,0.0418756
400.0,12.3,0.1016,31.7,0.0418756
500.0,12.3,0.1016,31.7,0.0418756
630.0,12.3,0.1016,31.7,0.0418756
800.0,12.3,0.1016,31.7,0.0418756
1000.0,12.3,0.1016,31.7,0.0418756
1250.0,12.3,0.1016,31.7,0.0418756
1600.0,12.3,0.1016,31.7,0.0418756
2000.0,12.3,0.1016,31.7,0.0418756
2500.0,12.3,0.1016,31.7,0.0418756
3150.0,12.3,0.1016,31.7,0.0418756
4000.0,12.3,0.1016,31.7,0.0418756
5000.0,12.3,0.1016,31.7,0.0418756
6300.0,12.3,0.1016,31.7,0.0418756
200.0,15.6,0.1016,71.3,0.0437259
250.0,15.6,0.1016,71.3,0.0437259
315.0,15.6,0.1016,71.3,0.0437259
400.0,15.6,0.1016,71.3,0.0437259
500.0,15.6,0.1016,71.3,0.0437259
630.0,15.6,0.1016,71.3,0.0437259
800.0,15.6,0.1016,71.3,0.0437259
1000.0,15.6,0.1016,71.3,0.0437259
1250.0,15.6,0.1016,71.3,0.0437259
1600.0,15.6,0.1016,71.3,0.0437259
2000.0,15.6,0.1016,71.3,0.0437259
2500.0,15.6,0.1016,71.3,0.0437259
3150.0,15.6,0.1016,71.3,0.0437259
4000.0,15.6,0.1016,71.3,0.0437259
200.0,15.6,0.1016,39.6,0.0528487
250.0,15.6,0.1016,39.6,0.0528487
315.0,15.6,0.1016,39.6,0.0528487
400.0,15.6,0.1016,39.6,0.0528487
500.0,15.6,0.1016,39.6,0.0528487
630.0,15.6,0.1016,39.6,0.0528487
800.0,15.6,0.1016,39.6,0.0528487
1000.0,15.6,0.1016,39.6,0.0528487
1250.0,15.6,0.1016,39.6,0.0528487
1600.0,15.6,0.1016,39.6,0.0528487
2000.0,15.6,0.1016,39.6,0.0528487
2500.0,15.6,0.1016,39.6,0.0528487
3150.0,15.6,0.1016,39.6,0.0528487
4000.0,15.6,0.1016,39.6,0.0528487
5000.0,15.6,0.1016,39.6,0.0528487
6300.0,15.6,0.1016,39.6,0.0528487
